year,prcp_mm,date,n_valid_days
1930,76.2,1930-08-01,67
1931,64.3,1931-11-24,134
1932,105.9,1932-08-14,137
1933,73.7,1933-07-23,145
1934,93.5,1934-04-06,127
1935,75.9,1935-12-08,158
1936,113.0,1936-05-10,163
1937,33.8,1937-08-16,112
1938,75.4,1938-05-07,97
1939,108.0,1939-07-12,209
1940,115.1,1940-11-24,366
1941,116.8,1941-09-23,365
1942,62.7,1942-12-26,151
1943,143.0,1943-11-02,151
1944,91.7,1944-01-01,152
1945,51.3,1945-12-02,151
1946,110.5,1946-11-03,181
1947,97.8,1947-05-20,365
1948,106.4,1948-11-16,366
1949,252.7,1949-10-07,365
1950,81.8,1950-01-01,365
1951,87.6,1951-03-26,365
1952,98.6,1952-02-01,366
1953,85.6,1953-08-29,365
1954,72.4,1954-10-05,365
1955,66.0,1955-02-04,365
1956,42.2,1956-01-21,366
1957,137.7,1957-10-14,365
1958,67.8,1958-09-07,365
1959,101.1,1959-07-24,365
1960,166.9,1960-06-26,366
1961,143.0,1961-06-18,365
1962,69.9,1962-11-27,365
1963,68.6,1963-06-21,365
1964,82.8,1964-12-10,366
1965,69.3,1965-05-22,365
1966,131.6,1966-04-14,365
1967,64.0,1967-12-09,365
1968,161.3,1968-05-10,366
1969,71.1,1969-12-05,365
1970,107.2,1970-05-21,365
1971,67.3,1971-09-10,365
1972,157.5,1972-04-27,364
1973,179.6,1973-07-07,364
1974,93.5,1974-10-31,365
1975,123.2,1975-06-09,365
1976,146.1,1976-06-15,366
1977,91.9,1977-04-20,365
1978,77.5,1978-11-26,365
1979,224.3,1979-09-19,365
1980,58.4,1980-01-20,366
1981,240.8,1981-05-03,365
1982,91.4,1982-05-13,365
1983,74.2,1983-05-21,363
1984,106.2,1984-08-14,366
1985,108.7,1985-11-11,365
1986,123.4,1986-06-04,365
1987,66.8,1987-07-07,365
1988,47.8,1988-03-17,366
1989,217.9,1989-08-01,365
1990,65.0,1990-04-26,334
1991,108.2,1991-05-08,365
1992,78.2,1992-11-01,366
1993,178.3,1993-10-20,365
1994,199.6,1994-10-17,365
1995,106.2,1995-12-17,365
1996,83.8,1996-06-25,366
1997,104.1,1997-01-27,365
1998,149.1,1998-09-11,365
1999,65.3,1999-05-12,365
2000,66.8,2000-11-18,366
2001,216.7,2001-06-05,365
2002,140.2,2002-08-15,365
2003,80.3,2003-10-09,365
2004,85.3,2004-11-17,366
2005,82.8,2005-07-17,365
2006,236.0,2006-06-19,365
2007,85.3,2007-05-28,365
2008,205.2,2008-09-13,366
2009,130.8,2009-04-18,365
2010,126.2,2010-07-02,365
2011,129.8,2011-10-09,365
2012,103.1,2012-01-09,366
2013,153.7,2013-04-27,365
2014,82.3,2014-05-26,365
2015,134.6,2015-10-31,365
2016,131.1,2016-04-18,366
2017,306.6,2017-08-26,365
2018,152.4,2018-07-04,365
2019,118.6,2019-09-17,365
2020,185.9,2020-09-22,366
2021,55.1,2021-06-28,365
2022,57.4,2022-10-28,364
2023,71.9,2023-10-26,365
2024,168.9,2024-07-08,366
2025,88.4,2025-07-25,365
2026,66.3,2026-05-01,264
