year,log_CO2,gmst,nino34
1880,5.669191029886582,-0.18,-0.3708333333333334
1881,5.66953603592761,-0.09,-0.0425
1882,5.670225691127358,-0.12,-0.46249999999999997
1883,5.670914871030584,-0.18,-0.2633333333333333
1884,5.671947751136183,-0.29,0.1675
1885,5.672979565501156,-0.34,0.3825
1886,5.674353663965389,-0.32,-0.7741666666666666
1887,5.676068636088686,-0.37,-0.5991666666666666
1888,5.677438499316599,-0.18,0.8125
1889,5.678806488586024,-0.11,-0.09666666666666664
1890,5.680172609017068,-0.36,-1.2791666666666666
1891,5.682218296740361,-0.23,-0.006666666666666669
1892,5.68391984555995,-0.28,-0.835
1893,5.68561850402853,-0.32,-1.2491666666666668
1894,5.687314281948894,-0.31,-0.92
1895,5.688668836846153,-0.23,-0.02250000000000002
1896,5.690021559406164,-0.12,0.5683333333333334
1897,5.69035945432406,-0.12,0.07249999999999997
1898,5.69035945432406,-0.28,-0.5583333333333333
1899,5.69035945432406,-0.18,0.21083333333333334
1900,5.690697235107546,-0.09,0.7416666666666667
1901,5.6910349018336985,-0.16,-0.12083333333333335
1902,5.6917098934219315,-0.29,0.7358333333333333
1903,5.692721527296776,-0.38,-0.0008333333333332971
1904,5.6937321388027,-0.48,-0.010833333333333306
1905,5.6950780340260545,-0.27,0.89
1906,5.696757859719236,-0.23,-0.03333333333333333
1907,5.698099691520703,-0.39,-0.3758333333333334
1908,5.699439725222064,-0.43,-0.5108333333333333
1909,5.700777965635902,-0.49,-0.8741666666666666
1910,5.701446414858653,-0.44,-0.9283333333333332
1911,5.702114417555504,-0.45,-0.25416666666666665
1912,5.703115585668497,-0.37,0.21166666666666667
1913,5.704448919199361,-0.36,0.035
1914,5.705780477318874,-0.17,0.4974999999999999
1915,5.707442435487688,-0.15,0.355
1916,5.709101636133801,-0.37,-0.9300000000000002
1917,5.710758088392627,-0.46,-0.4224999999999999
1918,5.712411801354255,-0.3,0.07833333333333338
1919,5.713732805509369,-0.28,0.6075
1920,5.715052066914432,-0.28,0.2191666666666667
1921,5.716040372051703,-0.19,-0.45083333333333336
1922,5.716698699922747,-0.29,-0.3325
1923,5.717356594683319,-0.27,0.029166666666666664
1924,5.718342625987531,-0.27,-0.40750000000000003
1925,5.719327685991663,-0.22,0.18916666666666668
1926,5.720311776607412,-0.11,0.5225
1927,5.721622392784532,-0.22,-0.07833333333333332
1928,5.722931293494962,-0.2,-0.06583333333333334
1929,5.7242384832235835,-0.36,0.085
1930,5.725543966437714,-0.16,0.7174999999999999
1931,5.726847747587197,-0.09,0.45250000000000007
1932,5.727824469136439,-0.16,-0.00583333333333332
1933,5.728800237631489,-0.29,-0.6241666666666668
1934,5.730099782973574,-0.13,-0.49
1935,5.731397641689174,-0.2,-0.17
1936,5.732369931508114,-0.15,0.10999999999999999
1937,5.733988316713267,-0.03,0.01
1938,5.735281141715572,-0.01,-0.4575
1939,5.736894826106403,-0.02,-0.19166666666666668
1940,5.738183901373533,0.12,0.7383333333333333
1941,5.739149618493492,0.18,1.11
1942,5.739792912179234,0.06,-0.45
1943,5.739792912179234,0.09,-0.5158333333333335
1944,5.739792912179234,0.2,-0.10416666666666667
1945,5.739471317064708,0.09,-0.6266666666666667
1946,5.739149618493492,-0.07,-0.21666666666666667
1947,5.739149618493492,-0.03,-0.2658333333333333
1948,5.739471317064708,-0.11,0.08083333333333334
1949,5.739792912179234,-0.11,-0.49666666666666665
1950,5.740435792304236,-0.18,-1.0625
1951,5.741399338227508,-0.07,0.12583333333333338
1952,5.742361956623676,0.01,-0.18583333333333332
1953,5.743644008081332,0.08,0.31916666666666665
1954,5.745564008671156,-0.13,-0.5866666666666667
1955,5.7477993600729755,-0.14,-1.1841666666666668
1956,5.749711406544601,-0.19,-0.8566666666666666
1957,5.751619804070361,0.05,0.47500000000000003
1958,5.753207357983724,0.06,0.42916666666666664
1959,5.755678920444703,0.03,-0.017500000000000012
1960,5.758617821894807,-0.02,-0.09000000000000001
1961,5.76091866602701,0.06,-0.18916666666666668
1962,5.763465476817375,0.03,-0.335
1963,5.765159754331105,0.05,0.36083333333333334
1964,5.767132790156963,-0.2,-0.5425
1965,5.768445987981924,-0.11,0.6
1966,5.772593107316444,-0.06,0.23416666666666672
1967,5.775110395569819,-0.02,-0.37833333333333335
1968,5.777807110004175,-0.08,-0.024166666666666614
1969,5.782655267476924,0.05,0.5575
1970,5.785915304194724,0.03,-0.35500000000000004
1971,5.787878495009303,-0.08,-0.9308333333333333
1972,5.791365910211346,0.01,0.775
1973,5.798122487030562,0.16,-0.6508333333333333
1974,5.799668246351484,-0.07,-0.945
1975,5.80251104751598,-0.01,-1.0450000000000002
1976,5.805225326279922,-0.1,-0.08583333333333336
1977,5.810661836283297,0.18,0.5016666666666667
1978,5.81535366409074,0.07,-0.17916666666666667
1979,5.819608040161792,0.16,0.18666666666666665
1980,5.825291892053398,0.26,0.14083333333333337
1981,5.829298496517592,0.32,-0.18916666666666668
1982,5.833289112142106,0.14,0.915
1983,5.838167669354644,0.31,0.44583333333333325
1984,5.843167534425829,0.16,-0.7200000000000001
1985,5.847449824468614,0.12,-0.7116666666666668
1986,5.85108116167708,0.18,0.08416666666666665
1987,5.855959780088937,0.32,1.2241666666666664
1988,5.8627501057518465,0.39,-1.0191666666666668
1989,5.867034468729805,0.27,-0.7883333333333336
1990,5.870567292301026,0.45,0.1775
1991,5.874087678954409,0.41,0.5975
1992,5.876446435523715,0.22,0.6225000000000002
1993,5.878323844131193,0.23,0.43666666666666676
1994,5.883210961667728,0.32,0.3825
1995,5.888794852386603,0.45,-0.025000000000000005
1996,5.893686324189277,0.33,-0.36999999999999994
1997,5.896824142953861,0.47,1.1899999999999997
1998,5.904925785690743,0.61,0.07250000000000006
1999,5.9095492539067145,0.38,-1.0941666666666665
2000,5.912718914535385,0.39,-0.8725
2001,5.917064224531732,0.53,-0.33666666666666667
2002,5.922784126803076,0.63,0.5891666666666666
2003,5.929535950485816,0.62,0.23916666666666672
2004,5.934100229718411,0.53,0.36916666666666664
2005,5.940118619756394,0.68,0.03583333333333335
2006,5.9456561829510015,0.64,0.09333333333333337
2007,5.95069463456477,0.66,-0.5608333333333334
2008,5.955396857946105,0.54,-0.7133333333333334
2009,5.9600770738663496,0.66,0.35250000000000004
2010,5.966403116512611,0.72,-0.43
2011,5.9708791134988735,0.61,-0.8483333333333335
2012,5.976503181967821,0.65,-0.03166666666666667
2013,5.983281154299963,0.68,-0.22166666666666665
2014,5.9884851129989825,0.75,0.2541666666666667
2015,5.993986364651492,0.9,1.4699999999999998
2016,6.002429214832672,1.01,0.3958333333333333
2017,6.008223330922936,0.92,-0.2025
2018,6.013030325022543,0.85,0.06249999999999998
2019,6.020173473744435,0.98,0.5325000000000001
2020,6.026373091596171,1.01,-0.22166666666666665
2021,6.031670351822286,0.85,-0.6275000000000001
2022,6.036748571948126,0.89,-0.8475
2023,6.042822839383124,1.17,0.8291666666666667
2024,6.0511711005697775,1.29,0.42583333333333323
2025,6.057603349612027,1.19,-0.28
