gauge_id,gauge_name,latitude,longitude,storm_total_in,window_start,window_end
465,465 Brays Bayou @ Beltway 8,29.695066,-95.556599,11.0,5/25/2015 12:00 AM CDT,5/27/2015 12:00 AM CDT
475,475 Brays Bayou @ Bellaire Boulevard,29.70391,-95.566081,10.72,5/25/2015 12:00 AM CDT,5/27/2015 12:00 AM CDT
2270,2270 Buffalo Bayou @ West Beltway 8,29.762026,-95.557476,10.32,5/25/2015 12:00 AM CDT,5/27/2015 12:00 AM CDT
490,490 Keegans Bayou @ Keegan Road,29.665949,-95.594888,10.28,5/25/2015 12:00 AM CDT,5/27/2015 12:00 AM CDT
470,470 Brays Bayou @ Belle Park Drive,29.709284,-95.5825,9.68,5/25/2015 12:00 AM CDT,5/27/2015 12:00 AM CDT
480,480 Keegans Bayou @ Roark Road,29.656136,-95.562488,9.48,5/25/2015 12:00 AM CDT,5/27/2015 12:00 AM CDT
495,495 Keegans Bayou @ Rocky Valley,29.678422,-95.649195,9.28,5/25/2015 12:00 AM CDT,5/27/2015 12:00 AM CDT
460,460 Brays Bayou @ Gessner Road,29.672371,-95.527994,9.16,5/25/2015 12:00 AM CDT,5/27/2015 12:00 AM CDT
2260,2260 Buffalo Bayou @ San Felipe Drive,29.751207,-95.505614,9.0,5/25/2015 12:00 AM CDT,5/27/2015 12:00 AM CDT
1000,1000 Houston Transtar,29.782684,-95.439563,8.68,5/25/2015 12:00 AM CDT,5/27/2015 12:00 AM CDT
240,240 Little Vince Bayou @ Burke Road,29.683502,-95.183473,8.6,5/25/2015 12:00 AM CDT,5/27/2015 12:00 AM CDT
440,440 Brays Bayou @ Rice Avenue,29.678605,-95.467271,8.6,5/25/2015 12:00 AM CDT,5/27/2015 12:00 AM CDT
520,520 White Oak Bayou @ Heights Boulevard,29.774876,-95.397145,8.56,5/25/2015 12:00 AM CDT,5/27/2015 12:00 AM CDT
530,530 White Oak Bayou @ Ella Boulevard,29.803438,-95.429368,8.4,5/25/2015 12:00 AM CDT,5/27/2015 12:00 AM CDT
2280,2280 Rummel Creek @ Brittmoore Road,29.778606,-95.570092,8.4,5/25/2015 12:00 AM CDT,5/27/2015 12:00 AM CDT
510,510 Harris County Flood Control @ Brookhollow,29.806225,-95.452383,8.16,5/25/2015 12:00 AM CDT,5/27/2015 12:00 AM CDT
2250,2250 Spring Branch @ Bingle Road,29.796238,-95.500348,7.92,5/25/2015 12:00 AM CDT,5/27/2015 12:00 AM CDT
2240,2240 Buffalo Bayou @ Shepherd Drive,29.760145,-95.408655,7.84,5/25/2015 12:00 AM CDT,5/27/2015 12:00 AM CDT
430,430 Brays Bayou @ Stella Link Road,29.690953,-95.439914,7.8,5/25/2015 12:00 AM CDT,5/27/2015 12:00 AM CDT
2290,2290 Buffalo Bayou @ Dairy Ashford Road,29.761597,-95.606442,7.68,5/25/2015 12:00 AM CDT,5/27/2015 12:00 AM CDT
560,560 Little White Oak Bayou @ Trimble Street,29.792956,-95.367817,7.56,5/25/2015 12:00 AM CDT,5/27/2015 12:00 AM CDT
435,435 Willow Water Hole @ Willowbend Boulevard,29.664477,-95.460008,7.48,5/25/2015 12:00 AM CDT,5/27/2015 12:00 AM CDT
570,570 Little White Oak Bayou @ Tidwell Road,29.845139,-95.399729,7.36,5/25/2015 12:00 AM CDT,5/27/2015 12:00 AM CDT
2220,2220 Buffalo Bayou @ Milam Street,29.764808,-95.361102,7.28,5/25/2015 12:00 AM CDT,5/27/2015 12:00 AM CDT
310,310 Berry Bayou @ Nevada Avenue,29.656295,-95.228933,7.2,5/25/2015 12:00 AM CDT,5/27/2015 12:00 AM CDT
420,420 Brays Bayou @ South Main Street,29.697018,-95.412138,7.12,5/25/2015 12:00 AM CDT,5/27/2015 12:00 AM CDT
920,920 Vince Bayou @ West Ellaine Avenue,29.694493,-95.21614,7.12,5/25/2015 12:00 AM CDT,5/27/2015 12:00 AM CDT
580,580 Brickhouse Gully @ Costa Rica Road,29.827664,-95.469019,7.08,5/25/2015 12:00 AM CDT,5/27/2015 12:00 AM CDT
1420,1420 Carpenters Bayou @ I-10,29.771535,-95.149022,6.96,5/25/2015 12:00 AM CDT,5/27/2015 12:00 AM CDT
270,270 Willow Spring Bayou @ Fairmont Parkway,29.650747,-95.110027,6.88,5/25/2015 12:00 AM CDT,5/27/2015 12:00 AM CDT
320,320 Berry Bayou @ Forest Oaks Boulevard,29.676469,-95.243682,6.76,5/25/2015 12:00 AM CDT,5/27/2015 12:00 AM CDT
160,160 Beamer Ditch @ Hughes Road,29.591725,-95.222089,6.72,5/25/2015 12:00 AM CDT,5/27/2015 12:00 AM CDT
640,640 Lateral @ Sens Road,29.683451,-95.046849,6.68,5/25/2015 12:00 AM CDT,5/27/2015 12:00 AM CDT
140,140 Turkey Creek @ FM 1959,29.583903,-95.187552,6.64,5/25/2015 12:00 AM CDT,5/27/2015 12:00 AM CDT
485,485 Brays Bayou @ SH 6,29.715071,-95.643933,6.56,5/25/2015 12:00 AM CDT,5/27/2015 12:00 AM CDT
220,220 Armand Bayou @ Genoa-Red Bluff Road,29.633755,-95.114485,6.52,5/25/2015 12:00 AM CDT,5/27/2015 12:00 AM CDT
840,840 Hunting Bayou @ Lockwood Drive,29.808314,-95.310118,6.52,5/25/2015 12:00 AM CDT,5/27/2015 12:00 AM CDT
2010,2010 Barker Dam,29.7707,-95.6466,6.52,5/25/2015 12:00 AM CDT,5/27/2015 12:00 AM CDT
400,400 Harris Gully @ South McGregor Way,29.707796,-95.391914,6.44,5/25/2015 12:00 AM CDT,5/27/2015 12:00 AM CDT
1020,1020 NRG Park,29.679054,-95.408197,6.4,5/25/2015 12:00 AM CDT,5/27/2015 12:00 AM CDT
150,150 Clear Creek @ Country Club Drive,29.555872,-95.252279,6.32,5/25/2015 12:00 AM CDT,5/27/2015 12:00 AM CDT
545,545 White Oak Bayou @ Fairbanks North Houston Road,29.877297,-95.524522,6.32,5/25/2015 12:00 AM CDT,5/27/2015 12:00 AM CDT
1540,1540 Goose Creek @ Baker Road,29.770944,-94.999611,6.28,5/25/2015 12:00 AM CDT,5/27/2015 12:00 AM CDT
940,940 Little Vince Bayou @ Jackson Avenue,29.705491,-95.200141,6.2,5/25/2015 12:00 AM CDT,5/27/2015 12:00 AM CDT
590,590 Cole Creek @ Deihl Road,29.850893,-95.487669,6.16,5/25/2015 12:00 AM CDT,5/27/2015 12:00 AM CDT
540,540 White Oak Bayou @ Alabonson Road,29.870424,-95.480366,6.12,5/25/2015 12:00 AM CDT,5/27/2015 12:00 AM CDT
105,105 Marys Creek @ Winding Road,29.543475,-95.217353,6.08,5/25/2015 12:00 AM CDT,5/27/2015 12:00 AM CDT
585,585 Vogel Creek @ Victory Drive,29.868133,-95.4692,6.08,5/25/2015 12:00 AM CDT,5/27/2015 12:00 AM CDT
2110,2110 Addicks Dam,29.7907,-95.625,6.08,5/25/2015 12:00 AM CDT,5/27/2015 12:00 AM CDT
230,230 Big Island Slough @ Fairmont Parkway,29.651497,-95.076001,6.04,5/25/2015 12:00 AM CDT,5/27/2015 12:00 AM CDT
535,535 White Oak Bayou @ Pinemont Drive,29.840915,-95.458339,6.04,5/25/2015 12:00 AM CDT,5/27/2015 12:00 AM CDT
1610,1610 Greens Bayou @ Normandy Street,29.776023,-95.206451,5.92,5/25/2015 12:00 AM CDT,5/27/2015 12:00 AM CDT
1675,1675 Halls Bayou @ Tidwell Road,29.849306,-95.282843,5.92,5/25/2015 12:00 AM CDT,5/27/2015 12:00 AM CDT
1680,1680 Halls Bayou @ Jensen Drive,29.861698,-95.334883,5.92,5/25/2015 12:00 AM CDT,5/27/2015 12:00 AM CDT
550,550 White Oak Bayou @ Lakeview Drive,29.887665,-95.555976,5.84,5/25/2015 12:00 AM CDT,5/27/2015 12:00 AM CDT
575,575 White Oak Bayou @ Tidwell Road,29.846237,-95.460193,5.8,5/25/2015 12:00 AM CDT,5/27/2015 12:00 AM CDT
410,410 Brays Bayou @ Lawndale Street,29.722625,-95.305332,5.76,5/25/2015 12:00 AM CDT,5/27/2015 12:00 AM CDT
180,180 Clear Creek @ Mykawa Road,29.596694,-95.297345,5.64,5/25/2015 12:00 AM CDT,5/27/2015 12:00 AM CDT
1440,1440 Carpenters Bayou @ Wallisville Road,29.809924,-95.158445,5.64,5/25/2015 12:00 AM CDT,5/27/2015 12:00 AM CDT
370,370 Sims Bayou @ SH 288,29.632178,-95.386657,5.6,5/25/2015 12:00 AM CDT,5/27/2015 12:00 AM CDT
190,190 Clear Creek @ SH 288,29.585343,-95.385728,5.56,5/25/2015 12:00 AM CDT,5/27/2015 12:00 AM CDT
360,360 Sims Bayou @ Martin Luther King Road,29.644783,-95.336798,5.52,5/25/2015 12:00 AM CDT,5/27/2015 12:00 AM CDT
620,620 Little Cedar Bayou @ 8th Street,29.650057,-95.027295,5.52,5/25/2015 12:00 AM CDT,5/27/2015 12:00 AM CDT
1460,1460 Carpenters Bayou @ US 90,29.838598,-95.160484,5.48,5/25/2015 12:00 AM CDT,5/27/2015 12:00 AM CDT
1665,1665 Greens Bayou @ Bammel N Houston Road,29.948488,-95.498006,5.48,5/25/2015 12:00 AM CDT,5/27/2015 12:00 AM CDT
1690,1690 Halls Bayou @ Airline Drive,29.892682,-95.396717,5.44,5/25/2015 12:00 AM CDT,5/27/2015 12:00 AM CDT
1600,1600 Greens Bayou @ Mount Houston Parkway,29.891907,-95.237623,5.4,5/25/2015 12:00 AM CDT,5/27/2015 12:00 AM CDT
340,340 Sims Bayou @ Telephone Road,29.674494,-95.289014,5.32,5/25/2015 12:00 AM CDT,5/27/2015 12:00 AM CDT
710,710 San Jacinto River @ Rio Villa,29.829041,-95.077694,5.32,5/25/2015 12:00 AM CDT,5/27/2015 12:00 AM CDT
2170,2170 South Mayde Creek @ Morton Road,29.816945,-95.74048,5.32,5/25/2015 12:00 AM CDT,5/27/2015 12:00 AM CDT
1520,1520 Goose Creek @ SH 99,29.713447,-94.990514,5.28,5/25/2015 12:00 AM CDT,5/27/2015 12:00 AM CDT
1620,1620 Greens Bayou @ Ley Road,29.837012,-95.233773,5.24,5/25/2015 12:00 AM CDT,5/27/2015 12:00 AM CDT
135,135 Clear Creek @ FM 2351,29.542461,-95.196775,5.2,5/25/2015 12:00 AM CDT,5/27/2015 12:00 AM CDT
1695,1695 P138 @ Aldine Westfield Road,29.917302,-95.355514,5.2,5/25/2015 12:00 AM CDT,5/27/2015 12:00 AM CDT
2140,2140 Langham Creek @ Longenbaugh Road,29.895138,-95.696832,5.2,5/25/2015 12:00 AM CDT,5/27/2015 12:00 AM CDT
595,595 Vogel Creek @ Gulf Bank Road,29.883128,-95.467416,5.16,5/25/2015 12:00 AM CDT,5/27/2015 12:00 AM CDT
1720,1720 Cedar Bayou @ SH 146,29.769851,-94.916822,5.12,5/25/2015 12:00 AM CDT,5/27/2015 12:00 AM CDT
1640,1640 Greens Bayou @ US 59,29.91791,-95.306565,5.08,5/25/2015 12:00 AM CDT,5/27/2015 12:00 AM CDT
820,820 Hunting Bayou @ I-10,29.771615,-95.227954,5.04,5/25/2015 12:00 AM CDT,5/27/2015 12:00 AM CDT
2150,2150 South Mayde @ Greenhouse Road,29.802411,-95.703888,5.04,5/25/2015 12:00 AM CDT,5/27/2015 12:00 AM CDT
2210,2210 Buffalo Bayou @ Turning Basin,29.749171,-95.291331,5.04,5/25/2015 12:00 AM CDT,5/27/2015 12:00 AM CDT
120,120 Clear Creek @ FM 528,29.517555,-95.179061,5.0,5/25/2015 12:00 AM CDT,5/27/2015 12:00 AM CDT
830,830 Hunting Bayou @ Loop 610 East,29.793569,-95.267971,4.92,5/25/2015 12:00 AM CDT,5/27/2015 12:00 AM CDT
115,115 Cowart Creek @ Baker Road,29.513234,-95.222531,4.84,5/25/2015 12:00 AM CDT,5/27/2015 12:00 AM CDT
2020,2020 Mason Creek @ Prince Creek Drive,29.76716,-95.728164,4.84,5/25/2015 12:00 AM CDT,5/27/2015 12:00 AM CDT
1630,1630 Garners Bayou @ Beltway 8,29.933648,-95.233574,4.76,5/25/2015 12:00 AM CDT,5/27/2015 12:00 AM CDT
1650,1650 Garners Bayou @ Rankin Road,29.965025,-95.271954,4.68,5/25/2015 12:00 AM CDT,5/27/2015 12:00 AM CDT
2160,2160 Bear Creek @ Clay Road,29.830828,-95.686283,4.68,5/25/2015 12:00 AM CDT,5/27/2015 12:00 AM CDT
610,610 Taylors Bayou @ Shoreacres Boulevard,29.619923,-95.021669,4.64,5/25/2015 12:00 AM CDT,5/27/2015 12:00 AM CDT
1685,1685 Greens Bayou @ Tidwell Road,29.849798,-95.229007,4.6,5/25/2015 12:00 AM CDT,5/27/2015 12:00 AM CDT
1645,1645 Greens Bayou @ Beltway 8,29.938692,-95.34932,4.48,5/25/2015 12:00 AM CDT,5/27/2015 12:00 AM CDT
2040,2040 Buffalo Bayou @ US 90,29.785685,-95.827024,4.48,5/25/2015 12:00 AM CDT,5/27/2015 12:00 AM CDT
1175,1175 Cypress Creek @ US 290,29.95686,-95.6782,4.44,5/25/2015 12:00 AM CDT,5/27/2015 12:00 AM CDT
1660,1660 Greens Bayou @ Knobcrest Drive,29.956166,-95.416142,4.4,5/25/2015 12:00 AM CDT,5/27/2015 12:00 AM CDT
2120,2120 Langham Creek @ West Little York Road,29.867456,-95.647061,4.4,5/25/2015 12:00 AM CDT,5/27/2015 12:00 AM CDT
555,555 White Oak Bayou @ Jones Road,29.917687,-95.584556,4.28,5/25/2015 12:00 AM CDT,5/27/2015 12:00 AM CDT
720,720 San Jacinto River @ US 90,29.876372,-95.093111,4.24,5/25/2015 12:00 AM CDT,5/27/2015 12:00 AM CDT
750,750 Lake Houston Dam Spillway,29.916112,-95.141641,4.24,5/25/2015 12:00 AM CDT,5/27/2015 12:00 AM CDT
1115,1115 Cypress Creek @ Inverness Forest,30.034738,-95.409868,4.24,5/25/2015 12:00 AM CDT,5/27/2015 12:00 AM CDT
760,760 San Jacinto River @ US 59,30.026775,-95.257999,4.2,5/25/2015 12:00 AM CDT,5/27/2015 12:00 AM CDT
1140,1140 Cypress Creek @ Stuebner-Airline Road,30.006281,-95.511647,4.2,5/25/2015 12:00 AM CDT,5/27/2015 12:00 AM CDT
210,210 Armand Bayou @ Pasadena Lake (Nasa Road 1),29.564191,-95.070795,4.08,5/25/2015 12:00 AM CDT,5/27/2015 12:00 AM CDT
1165,1165 Cypress Creek @ Eldridge Parkway N.,29.966194,-95.607313,4.08,5/25/2015 12:00 AM CDT,5/27/2015 12:00 AM CDT
1110,1110 Cypress Creek @ Cypresswood Drive,30.031016,-95.330033,4.0,5/25/2015 12:00 AM CDT,5/27/2015 12:00 AM CDT
2190,2190 South Mayde Creek @ Peek Road,29.851108,-95.773611,4.0,5/25/2015 12:00 AM CDT,5/27/2015 12:00 AM CDT
1050,1050 Spring Creek @ I-45,30.109633,-95.436785,3.88,5/25/2015 12:00 AM CDT,5/27/2015 12:00 AM CDT
170,170 Clear Creek @ Nassau Bay,29.534116,-95.091224,3.84,5/25/2015 12:00 AM CDT,5/27/2015 12:00 AM CDT
125,125 Chigger Creek @ Windsong Lane,29.495189,-95.223522,3.8,5/25/2015 12:00 AM CDT,5/27/2015 12:00 AM CDT
1120,1120 Cypress Creek @ I-45,30.036344,-95.428694,3.72,5/25/2015 12:00 AM CDT,5/27/2015 12:00 AM CDT
1160,1160 Cypress Creek @ Grant Road,29.973483,-95.598483,3.72,5/25/2015 12:00 AM CDT,5/27/2015 12:00 AM CDT
1670,1670 Greens Bayou @ Cutten Road,29.948976,-95.51977,3.72,5/25/2015 12:00 AM CDT,5/27/2015 12:00 AM CDT
2180,2180 Bear Creek @ FM 529,29.875125,-95.769477,3.72,5/25/2015 12:00 AM CDT,5/27/2015 12:00 AM CDT
250,250 Horsepen Bayou @ Bay Area Boulevard,29.583671,-95.103438,3.64,5/25/2015 12:00 AM CDT,5/27/2015 12:00 AM CDT
755,755 San Jacinto River @ Lake Houston Pkwy,30.03041,-95.175246,3.64,5/25/2015 12:00 AM CDT,5/27/2015 12:00 AM CDT
1040,1040 Spring Creek @ FM 2978,30.134077,-95.596571,3.64,5/25/2015 12:00 AM CDT,5/27/2015 12:00 AM CDT
1170,1170 Cypress Creek @ Huffmeister Road,29.961554,-95.631215,3.64,5/25/2015 12:00 AM CDT,5/27/2015 12:00 AM CDT
1070,1070 Spring Creek @ SH 249,30.119036,-95.646199,3.6,5/25/2015 12:00 AM CDT,5/27/2015 12:00 AM CDT
1130,1130 Cypress Creek @ Kuykendahl Road,30.023755,-95.475879,3.6,5/25/2015 12:00 AM CDT,5/27/2015 12:00 AM CDT
1220,1220 Little Cypress Creek @ Cypress Rosehill Road,30.01593,-95.697286,3.56,5/25/2015 12:00 AM CDT,5/27/2015 12:00 AM CDT
1840,1840 Gum Gully @ Diamond Head Boulevard,29.910874,-95.09085,3.52,5/25/2015 12:00 AM CDT,5/27/2015 12:00 AM CDT
200,200 Taylor Lake @ Nasa Road 1,29.565371,-95.053834,3.48,5/25/2015 12:00 AM CDT,5/27/2015 12:00 AM CDT
1340,1340 Willow Creek @ SH 249,30.0627283,-95.6198277,3.36,5/25/2015 12:00 AM CDT,5/27/2015 12:00 AM CDT
130,130 Clear Creek @ Bay Area Boulevard,29.497498,-95.159806,3.28,5/25/2015 12:00 AM CDT,5/27/2015 12:00 AM CDT
1060,1060 Spring Creek @ Kuykendahl Road,30.170279,-95.541396,3.28,5/25/2015 12:00 AM CDT,5/27/2015 12:00 AM CDT
1210,1210 Little Cypress Creek @ Kluge Road,29.977553,-95.630248,3.28,5/25/2015 12:00 AM CDT,5/27/2015 12:00 AM CDT
1940,1940 Luce Bayou @ FM 2100,30.066805,-95.098249,3.28,5/25/2015 12:00 AM CDT,5/27/2015 12:00 AM CDT
790,790 East Fork San Jacinto @ SH 99,30.146188,-95.123827,3.16,5/25/2015 12:00 AM CDT,5/27/2015 12:00 AM CDT
1150,1150 Cypress Creek @ SH 249,29.985654,-95.569924,3.16,5/25/2015 12:00 AM CDT,5/27/2015 12:00 AM CDT
1740,1740 Cedar Bayou @ US 90,29.97209,-94.985937,3.16,5/25/2015 12:00 AM CDT,5/27/2015 12:00 AM CDT
110,110 Clear Creek @ I-45,29.50834,-95.11667,3.08,5/25/2015 12:00 AM CDT,5/27/2015 12:00 AM CDT
1320,1320 Willow Creek @ Kuykendahl Road,30.105339,-95.546382,3.0,5/25/2015 12:00 AM CDT,5/27/2015 12:00 AM CDT
2130,2130 Horsepen Creek @ Trailside Drive,29.883812,-95.634892,2.84,5/25/2015 12:00 AM CDT,5/27/2015 12:00 AM CDT
100,100 Clear Lake 2nd Outlet @ SH 146,29.554639,-95.025513,2.64,5/25/2015 12:00 AM CDT,5/27/2015 12:00 AM CDT
1180,1180 Cypress Creek @ Katy-Hockley Road,29.950388,-95.808312,2.52,5/25/2015 12:00 AM CDT,5/27/2015 12:00 AM CDT
1185,1185 Cypress Creek @ Sharp Road,29.921049,-95.840178,2.52,5/25/2015 12:00 AM CDT,5/27/2015 12:00 AM CDT
1230,1230 Little Cypress Creek @ Becker Road,30.027473,-95.799237,2.32,5/25/2015 12:00 AM CDT,5/27/2015 12:00 AM CDT
1190,1190 Little Mound Creek @ Mathis Road,30.005339,-95.907953,2.12,5/25/2015 12:00 AM CDT,5/27/2015 12:00 AM CDT
1090,1090 Spring Creek @ Hegar Road,30.085697,-95.841879,2.04,5/25/2015 12:00 AM CDT,5/27/2015 12:00 AM CDT
