lon,lat
-81.322314,24.685059
-81.420068,24.75
-81.42168,24.732617
-81.379053,24.66626
-81.379053,24.636279
-81.364795,24.629932
-81.334814,24.650488
-81.319824,24.667627
-81.322314,24.685059
NaN,NaN
-80.799414,24.846289
-80.838867,24.817871
-80.84834,24.803662
-80.829395,24.803662
-80.786768,24.821045
-80.785205,24.835254
-80.799414,24.846289
NaN,NaN
-80.625684,24.941113
-80.665137,24.898438
-80.638281,24.903174
-80.6146,24.937939
-80.625684,24.941113
NaN,NaN
-76.349854,18.151855
-76.700732,18.257178
-76.793262,18.304297
-76.908203,18.39043
-76.959375,18.401855
-77.01377,18.40293
-77.139551,18.421484
-77.261475,18.457422
-77.354248,18.466455
-77.451611,18.467041
-77.873437,18.522217
-77.926855,18.500684
-77.978174,18.467822
-78.094531,18.444824
-78.216699,18.448096
-78.252441,18.42627
-78.325977,18.349756
-78.339502,18.287207
-78.294092,18.218066
-78.073633,18.191162
-78.044482,18.173828
-77.962988,18.047559
-77.881299,18.019043
-76.349854,18.151855
NaN,NaN
-74.513135,20.38457
-74.662451,20.522119
-74.73208,20.573193
-74.882568,20.650635
-74.959717,20.672656
-75.213281,20.713867
-75.338135,20.701611
-75.524609,20.71665
-75.642773,20.733496
-75.724561,20.714551
-75.752979,20.736182
-75.7604,20.775537
-75.740234,20.811963
-75.597266,20.837646
-75.662939,20.898145
-75.638525,20.947461
-75.595801,20.994678
-75.63374,21.061328
-75.722949,21.111035
-75.899023,21.114258
-76.073633,21.133447
-76.259229,21.227393
-76.455176,21.273633
-76.551709,21.272119
-76.647412,21.284521
-76.688525,21.34043
-76.726074,21.358887
-76.76499,21.362402
-76.867432,21.33042
-76.859814,21.364795
-76.836328,21.399512
-76.928076,21.458984
-77.098633,21.589014
-77.140967,21.538623
-77.20791,21.478857
-77.252881,21.483496
-77.26958,21.537891
-77.366162,21.612646
-77.244531,21.59375
-77.18125,21.597656
-77.144141,21.643604
-77.22207,21.672412
-77.299512,21.712256
-77.342139,21.755273
-77.497266,21.871631
-77.583154,21.889258
-77.57334,21.868311
-77.506543,21.811035
-77.497119,21.78833
-77.545117,21.774609
-77.636816,21.797363
-77.865039,21.900586
-77.970508,21.971973
-78.143115,22.109424
-78.686475,22.366846
-78.719238,22.358057
-78.775977,22.367334
-78.835449,22.390918
-78.901904,22.395996
-79.183008,22.387891
-79.275684,22.407617
-79.358301,22.448926
-79.456494,22.509863
-79.549219,22.577783
-79.67666,22.743066
-79.850732,22.827197
-79.820264,22.887012
-79.923535,22.869141
-79.959912,22.876904
-80.075244,22.942334
-80.167627,22.949365
-80.266162,22.934961
-80.364893,22.943408
-80.459229,22.975
-80.550488,23.016602
-80.613428,23.08374
-80.650146,23.103076
-81.007666,23.089844
-81.144629,23.054932
-81.178613,23.059668
-81.271631,23.128613
-81.262354,23.156836
-81.363623,23.129688
-81.575439,23.116504
-81.837451,23.163037
-82.101367,23.19043
-82.350537,23.153955
-82.587793,23.064551
-82.66582,23.043555
-83.177246,22.983008
-83.257812,22.967578
-84.044922,22.666016
-84.121777,22.618555
-84.281348,22.474219
-84.361279,22.378906
-84.383008,22.255566
-84.326367,22.074316
-84.373145,22.035938
-84.433057,22.031299
-84.494238,22.041602
-84.532764,22.031152
-84.877246,21.894141
-84.887207,21.856982
-84.838232,21.82793
-84.78584,21.842285
-84.682666,21.899072
-84.626904,21.920361
-84.56001,21.933008
-84.501367,21.930273
-84.490918,21.854297
-84.502588,21.776172
-84.448828,21.79165
-84.240674,21.89834
-84.13833,21.929004
-84.030957,21.943115
-83.998047,21.980127
-83.96333,22.09209
-83.932715,22.149658
-83.900732,22.170117
-83.686621,22.179932
-83.643066,22.188965
-83.601514,22.20874
-83.544043,22.208936
-83.485937,22.187109
-83.379639,22.222998
-83.292139,22.303223
-83.189404,22.35542
-83.14375,22.386475
-83.107129,22.429883
-83.009424,22.514014
-82.86123,22.595117
-82.786377,22.65835
-82.738037,22.689258
-81.903418,22.679004
-81.838818,22.672461
-81.789893,22.657031
-81.745654,22.63291
-81.702734,22.591895
-81.683252,22.534814
-81.710352,22.49668
-81.75708,22.466748
-81.973047,22.421826
-82.077734,22.387695
-81.972607,22.290869
-81.849414,22.213672
-81.816211,22.200195
-81.441113,22.183789
-81.355273,22.104102
-81.284375,22.109424
-81.222412,22.14292
-81.199561,22.20293
-81.185498,22.267969
-81.141406,22.206934
-81.11665,22.134229
-81.083105,22.097949
-81.035645,22.073584
-80.961914,22.052881
-80.499072,22.063525
-80.484814,22.087158
-80.485449,22.123437
-80.39292,22.03374
-80.310693,21.933398
-80.231348,21.872168
-80.13833,21.829248
-79.910303,21.742578
-79.357422,21.585156
-79.274414,21.562646
-79.189209,21.552832
-78.822949,21.618945
-78.727686,21.592725
-78.636475,21.515527
-78.576562,21.413818
-78.537256,21.296826
-78.490771,21.053711
-78.453857,21.010986
-78.406348,20.973877
-78.313867,20.92749
-78.116357,20.761865
-77.997314,20.715381
-77.856885,20.713623
-77.592725,20.690088
-77.467041,20.689502
-77.347559,20.672363
-77.22959,20.64375
-77.205469,20.61084
-77.188965,20.559961
-77.10791,20.49165
-77.093018,20.45293
-77.103809,20.40752
-77.149414,20.347266
-77.213379,20.300391
-77.55376,20.082129
-77.715088,19.855469
-77.463184,19.861377
-77.211963,19.89375
-76.999463,19.892822
-76.890234,19.921338
-76.779736,19.940186
-76.515625,19.956689
-76.252832,19.987158
-76.158447,19.989746
-75.765137,19.9604
-75.657227,19.932227
-75.551953,19.891113
-75.290479,19.893115
-75.219434,19.923633
-75.177295,19.959375
-75.151611,20.00835
-75.121973,19.953906
-75.124121,19.924658
-75.116406,19.901416
-75.003174,19.928564
-74.955127,19.95791
-74.850049,20.002295
-74.634766,20.058154
-74.412158,20.075342
-74.252832,20.079687
-74.217432,20.117139
-74.153711,20.168555
-74.136816,20.231934
-74.16748,20.292187
-74.198486,20.311475
-74.233887,20.326416
-74.272803,20.317383
-74.384375,20.330469
-74.513135,20.38457
NaN,NaN
-72.219824,19.744629
-72.429932,19.813281
-72.637012,19.900879
-72.876514,19.928076
-73.117773,19.903809
-73.217773,19.883691
-73.315332,19.85459
-73.400537,19.807422
-73.438379,19.722119
-73.396338,19.658691
-73.315527,19.637305
-73.052734,19.610742
-72.863428,19.526074
-72.703223,19.441064
-72.741797,19.341846
-72.767969,19.240625
-72.741211,19.131348
-72.811084,19.071582
-72.649121,18.894141
-72.465234,18.743555
-72.347656,18.674951
-72.346729,18.62373
-72.376074,18.574463
-72.418115,18.558691
-72.618066,18.550781
-72.659766,18.515332
-72.695996,18.468213
-72.739453,18.442139
-72.789355,18.434814
-72.917285,18.455713
-73.591602,18.522363
-73.687012,18.565332
-73.8625,18.575439
-73.975977,18.601416
-74.100342,18.641113
-74.227734,18.662695
-74.284473,18.656689
-74.3875,18.624707
-74.478125,18.45
-74.459961,18.393066
-74.419043,18.346191
-74.194629,18.269189
-74.0854,18.215137
-73.989453,18.143164
-73.884961,18.041895
-73.83916,18.058203
-73.824707,18.121777
-73.747314,18.190234
-73.644043,18.229053
-73.514844,18.245361
-73.385156,18.251172
-73.272266,18.233545
-73.160059,18.205615
-72.87666,18.151758
-72.755273,18.156152
-72.633301,18.176221
-72.591895,18.186914
-72.553223,18.208398
-72.503564,18.219922
-72.059863,18.228564
-72.002051,18.212012
NaN,NaN
-73.170605,18.967285
-73.276416,18.954053
-73.285254,18.896729
-73.077979,18.790918
-72.822217,18.707129
-72.80459,18.777686
-72.919238,18.861475
-73.069141,18.932031
-73.170605,18.967285
NaN,NaN
-88.941113,29.680225
-88.943604,29.660254
-88.889307,29.712598
-88.872656,29.752979
-88.901172,29.732617
-88.941113,29.680225
NaN,NaN
-88.722852,30.264258
-88.713086,30.244922
-88.659229,30.225586
-88.570654,30.204785
-88.558105,30.215918
-88.573975,30.22915
-88.722852,30.264258
NaN,NaN
-88.109375,30.27373
-88.263916,30.254736
-88.31626,30.24043
-88.289746,30.23291
-88.159326,30.230908
-88.071338,30.252344
-88.109375,30.27373
NaN,NaN
-77.45127,25.080713
-77.527344,25.057666
-77.561914,25.030029
-77.541211,25.013574
-77.460498,24.993115
-77.347559,25.013867
-77.269141,25.043848
-77.275586,25.055762
-77.329102,25.083008
-77.45127,25.080713
NaN,NaN
-81.085254,24.73418
-81.137354,24.710498
-81.08999,24.693115
-81.044189,24.716797
-80.988916,24.727881
-80.930469,24.759473
-81.085254,24.73418
NaN,NaN
-76.622266,34.694531
-76.54624,34.654883
-76.568506,34.652539
-76.607812,34.663574
-76.661963,34.684668
-76.673926,34.700146
-76.622266,34.694531
NaN,NaN
-75.781934,35.190186
-75.864941,35.174121
-75.98418,35.123096
-75.963672,35.118848
-75.781934,35.190186
NaN,NaN
-75.650781,35.835596
-75.635693,35.855908
-75.63667,35.880664
-75.648877,35.9104
-75.717187,35.946143
-75.650781,35.835596
NaN,NaN
-75.378516,37.87207
-75.333057,37.888281
NaN,NaN
-75.503516,35.769141
-75.504297,35.7354
-75.48125,35.572119
-75.487891,35.479492
-75.536377,35.278613
-75.690088,35.221582
-75.678271,35.212842
-75.544141,35.240088
-75.509326,35.280322
-75.464746,35.448633
-75.456445,35.56416
-75.478516,35.716504
-75.503516,35.769141
NaN,NaN
-76.437012,34.756348
-76.528564,34.631494
-76.503662,34.642969
-76.357715,34.803662
-76.207373,34.938916
-76.256201,34.914697
-76.437012,34.756348
NaN,NaN
-95.089648,29.136328
-95.039697,29.145898
-94.864941,29.252881
-94.767627,29.339062
-94.825977,29.341309
-94.87168,29.290137
-95.089648,29.136328
NaN,NaN
-85.049316,29.637793
-85.116748,29.632812
-85.008252,29.606641
-84.90791,29.642627
-84.737158,29.732422
-84.812207,29.717627
-84.877002,29.678662
-85.000537,29.627197
-85.049316,29.637793
NaN,NaN
-81.463477,30.727783
-81.418994,30.971436
-81.450928,30.947412
-81.484619,30.897852
-81.482715,30.814062
-81.463477,30.727783
NaN,NaN
-89.184668,30.168652
-89.276465,30.11084
-89.287646,30.094189
-89.310059,30.078711
-89.341992,30.062842
-89.269434,30.060742
-89.220459,30.037598
-89.223975,30.084082
-89.210693,30.126221
-89.184668,30.168652
NaN,NaN
-91.796484,29.596973
-91.875244,29.640967
-91.925049,29.643945
-92.006641,29.610303
-91.99624,29.573096
-91.830859,29.486475
-91.793701,29.500732
-91.761914,29.539014
-91.754297,29.566895
-91.767676,29.584717
-91.796484,29.596973
NaN,NaN
-88.827979,29.928369
-88.855664,29.775879
-88.827441,29.807715
-88.812598,29.93335
-88.825879,30.000391
-88.866895,30.056738
-88.827979,29.928369
NaN,NaN
-77.531885,23.939404
-77.536816,23.96167
-77.532031,23.987646
-77.561523,24.136816
-77.615381,24.216357
-77.683252,24.118457
-77.755273,24.163477
-77.656152,24.226562
-77.657715,24.249463
-77.701465,24.287549
-77.757422,24.269922
-77.849561,24.25752
-77.883594,24.241992
-77.950049,24.253076
-77.999902,24.219824
-77.914062,24.090918
-77.852246,24.040381
-77.806299,23.883545
-77.775781,23.862354
-77.771289,23.752539
-77.57373,23.73916
-77.51875,23.869434
-77.521338,23.91084
-77.531885,23.939404
NaN,NaN
-77.774414,22.082959
-77.854736,22.091943
-77.918555,22.088086
-77.9,22.037158
-77.823193,21.987939
-77.783643,21.97041
-77.755029,21.965576
-77.710059,21.921338
-77.668994,21.951953
-77.645996,21.996484
-77.633691,22.054004
-77.774414,22.082959
NaN,NaN
-78.0271,22.285156
-78.06167,22.305908
-78.094141,22.387207
-78.150586,22.431494
-78.200977,22.437646
-78.273535,22.423584
-78.27002,22.402246
-78.226123,22.37998
-78.180029,22.321973
-78.10166,22.305762
-78.04751,22.268506
-78.0271,22.285156
NaN,NaN
-78.283887,22.455469
-78.351221,22.538623
-78.399561,22.547461
-78.445312,22.54375
-78.492871,22.531055
-78.630127,22.552246
-78.695508,22.533984
-78.673633,22.508838
-78.629004,22.488184
-78.547656,22.464014
-78.424561,22.460107
-78.389941,22.445117
-78.343018,22.445117
-78.283887,22.455469
NaN,NaN
-77.510596,26.845996
-77.329932,26.618359
-77.238623,26.561133
-77.206055,26.488965
-77.230127,26.424707
-77.221094,26.361768
-77.247754,26.289062
-77.246777,26.156348
-77.293945,26.095508
-77.403174,26.024707
-77.333252,25.995605
-77.246436,25.895459
-77.225635,25.904199
-77.191016,25.955469
-77.167285,26.240332
-77.038281,26.333447
-77.066357,26.530176
-77.162109,26.597266
-77.257178,26.638818
-77.269287,26.663037
-77.265918,26.688818
-77.295898,26.71167
-77.36875,26.747607
-77.449414,26.836426
-77.533887,26.903418
-77.672119,26.913916
-77.787549,26.935645
-77.862549,26.940088
-77.94375,26.903564
-77.795996,26.90127
-77.510596,26.845996
NaN,NaN
-74.242236,22.715088
-74.098584,22.66543
-74.034766,22.705566
-74.05752,22.723486
-74.175391,22.759912
-74.221484,22.811572
-74.307031,22.8396
-74.313965,22.803564
-74.303125,22.764453
-74.274609,22.71167
-74.242236,22.715088
NaN,NaN
-74.429443,24.068066
-74.450488,24.125488
-74.472021,24.12666
-74.526904,24.105078
-74.550928,23.968945
-74.508691,23.959717
-74.429443,24.068066
NaN,NaN
-73.661035,20.937402
-73.400781,20.943896
-73.164551,20.97915
-73.05874,21.119043
-73.026855,21.192383
-73.01167,21.299512
-73.058496,21.313379
-73.137305,21.204785
-73.235352,21.154492
-73.301562,21.156152
-73.424512,21.201758
-73.523096,21.19082
-73.585059,21.125928
-73.680371,21.10332
-73.66958,21.082227
-73.667822,21.061572
-73.686816,21.009131
-73.681152,20.975586
-73.661035,20.937402
NaN,NaN
-73.914551,22.568018
-73.906396,22.527441
-73.935986,22.477734
-73.994971,22.449219
-74.010059,22.427979
-74.052344,22.400635
-74.126758,22.323389
-74.261328,22.235547
-74.276904,22.183691
-74.206738,22.21377
-74.09292,22.30625
-73.974609,22.361182
-73.836523,22.538428
-73.87749,22.680762
-73.849951,22.731055
-73.954199,22.715527
-73.975488,22.682275
-73.976367,22.635059
-73.914551,22.568018
NaN,NaN
-76.343799,25.332031
-76.484229,25.374609
-76.648828,25.487402
-76.71084,25.564893
-76.726953,25.551611
-76.748926,25.480566
-76.780664,25.426855
-76.692773,25.442725
-76.620703,25.431641
-76.499902,25.341553
-76.369287,25.312598
-76.284326,25.222119
-76.1604,25.119336
-76.152539,25.025977
-76.204346,24.93623
-76.21377,24.822461
-76.319971,24.817676
-76.300293,24.795898
-76.241211,24.754346
-76.205176,24.68208
-76.169531,24.649414
-76.174658,24.759766
-76.140527,24.885645
-76.114941,25.094727
-76.126611,25.140527
-76.191992,25.19082
-76.343799,25.332031
NaN,NaN
-75.948633,23.647412
-76.010449,23.671387
-76.037109,23.602783
-75.955957,23.592285
-75.781006,23.470654
-75.706348,23.444238
-75.664551,23.450146
-75.754248,23.48999
-75.80752,23.542529
-75.948633,23.647412
NaN,NaN
-75.130566,23.26792
-75.141113,23.204639
-75.204395,23.192725
-75.22334,23.165332
-75.132129,23.11709
-74.97334,23.068555
-74.846875,22.868701
-74.840479,22.894336
-74.845605,22.999902
-74.937109,23.088135
-75.064209,23.150195
-75.108789,23.332813
-75.175293,23.438672
-75.216602,23.546777
-75.315967,23.668359
-75.309814,23.589844
-75.288232,23.568262
-75.24126,23.474609
-75.157568,23.336377
-75.130566,23.26792
NaN,NaN
-75.526465,24.449512
-75.653516,24.680859
-75.709619,24.69751
-75.72666,24.689355
-75.743994,24.654687
-75.661035,24.589844
-75.639062,24.529395
-75.592773,24.49126
-75.493896,24.33042
-75.408936,24.265771
-75.412402,24.220947
-75.481055,24.173877
-75.503223,24.139062
-75.467627,24.1396
-75.36875,24.159473
-75.301758,24.14917
-75.308398,24.2
-75.518164,24.427344
-75.526465,24.449512
NaN,NaN
-77.879395,22.127539
-77.84248,22.148975
-77.889111,22.201074
-77.893652,22.214551
-77.96958,22.240674
-77.985645,22.3021
-77.999219,22.29873
-78.006689,22.247998
-78.04165,22.20127
-78.011914,22.166406
-77.912354,22.124707
-77.879395,22.127539
NaN,NaN
-82.201367,26.548047
-82.184375,26.480957
-82.144971,26.44668
-82.072852,26.427539
-82.037207,26.453613
-82.116064,26.460938
-82.138574,26.477002
-82.201367,26.548047
NaN,NaN
-78.366504,24.544189
-78.257617,24.482764
-78.191602,24.466064
-78.145801,24.493457
-78.135742,24.412354
-78.07583,24.364648
-78.044922,24.287451
-77.983203,24.334961
-77.881201,24.369092
-77.853418,24.40293
-77.745215,24.463477
-77.735107,24.495752
-77.746045,24.586328
-77.743848,24.707422
-77.840137,24.794385
-77.918945,24.942822
-77.973389,25.004785
-77.975293,25.084814
-78.033301,25.143115
-78.162793,25.202344
-78.211377,25.19126
-78.159326,25.022363
-78.184082,24.91709
-78.298828,24.753906
-78.273828,24.691602
-78.260059,24.687305
-78.242725,24.653809
-78.318994,24.590234
-78.338916,24.642041
-78.435303,24.627588
-78.366504,24.544189
NaN,NaN
-81.562305,24.68916
-81.579248,24.629395
-81.631494,24.590039
-81.566699,24.599902
-81.532227,24.61416
-81.531641,24.64248
-81.562305,24.68916
NaN,NaN
-80.262451,27.375586
-80.170508,27.204785
-80.186768,27.278418
-80.355518,27.678613
-80.395752,27.794531
-80.436914,27.850537
-80.376074,27.643408
-80.262451,27.375586
NaN,NaN
-82.681836,21.821143
-82.714551,21.890283
-82.755762,21.909521
-82.991211,21.942725
-83.077734,21.833496
-83.08252,21.791406
-82.973584,21.592285
-83.007227,21.565576
-83.054883,21.549414
-83.112939,21.573682
-83.180225,21.623047
-83.183789,21.593457
-83.141504,21.531885
-83.067285,21.469385
-82.959619,21.441309
-82.853174,21.443896
-82.654834,21.518652
-82.561768,21.57168
-82.567822,21.621826
-82.629395,21.766895
-82.681836,21.821143
NaN,NaN
-82.085205,26.493604
-82.083789,26.552344
-82.121143,26.665527
-82.169141,26.700732
-82.135596,26.591992
-82.085205,26.493604
NaN,NaN
-79.382178,22.681348
-79.57915,22.806738
-79.628174,22.805225
-79.597852,22.787646
-79.522754,22.711133
-79.3479,22.637695
-79.349561,22.663916
-79.382178,22.681348
NaN,NaN
-78.233887,26.637354
-77.926123,26.663379
-77.922461,26.691113
-77.943945,26.744238
-78.088672,26.714307
-78.26792,26.722656
-78.306836,26.702197
-78.371729,26.697949
-78.492871,26.729053
-78.597119,26.797949
-78.632959,26.726172
-78.621143,26.704639
-78.633252,26.65918
-78.7125,26.599023
-78.798047,26.582422
-78.935791,26.673437
-78.985645,26.689502
-78.799219,26.528467
-78.743652,26.500684
-78.670947,26.506543
-78.516211,26.559375
-78.233887,26.637354
NaN,NaN
-80.25708,25.347607
-80.280469,25.34126
-80.35127,25.296973
-80.354932,25.233643
-80.403662,25.179346
-80.456006,25.149316
-80.481055,25.101953
-80.558545,25.001318
-80.580566,24.954248
-80.381836,25.142285
-80.25708,25.347607
NaN,NaN
-87.848535,18.140381
-87.858936,18.154053
-87.89834,18.154932
-87.95332,18.001074
-87.848535,18.140381
NaN,NaN
-91.816113,18.675879
-91.796143,18.654199
-91.683691,18.677344
-91.654248,18.711475
-91.536719,18.76001
-91.550293,18.773682
-91.589111,18.778027
-91.816113,18.675879
NaN,NaN
-81.284814,19.362549
-81.296484,19.341357
-81.337256,19.329492
-81.369531,19.348877
-81.391016,19.384912
-81.419092,19.374756
-81.404785,19.278418
-81.303711,19.271875
-81.277295,19.277393
-81.224609,19.304102
-81.107129,19.305176
-81.130469,19.346777
-81.284814,19.362549
NaN,NaN
-86.927832,20.551514
-86.977979,20.489795
-87.019434,20.382324
-86.991406,20.272168
-86.939648,20.30332
-86.808789,20.468457
-86.755029,20.551758
-86.763281,20.579053
-86.828564,20.558789
-86.927832,20.551514
NaN,NaN
-72.981055,22.369238
-72.88916,22.360254
-72.783887,22.290625
-72.747266,22.327393
-72.762598,22.344385
-72.830762,22.385596
-72.945215,22.415625
-72.978955,22.4146
-73.041016,22.429053
-73.127393,22.455322
-73.161914,22.380713
-73.110205,22.367578
-72.981055,22.369238
NaN,NaN
-72.916113,21.506689
-72.994775,21.561621
-73.062695,21.515332
-73.049316,21.457617
-72.916113,21.506689
NaN,NaN
-72.010645,21.950439
-72.019043,21.918262
NaN,NaN
-72.190674,21.769775
-72.181543,21.780029
-72.144336,21.792725
-72.149805,21.804492
-72.218652,21.796289
-72.332812,21.851367
-72.342383,21.795312
-72.335449,21.758008
-72.300879,21.755225
-72.190674,21.769775
NaN,NaN
-88.097217,18.121631
-88.085254,18.226123
-88.130273,18.350732
-88.247266,18.354687
-88.295654,18.344092
-88.349268,18.358838
-88.295654,18.472412
-88.275732,18.514551
-88.195312,18.642627
-88.196777,18.719678
-88.126758,18.773047
-88.073779,18.834473
-88.031738,18.838916
-88.011133,18.726855
-88.056445,18.524463
-88.039062,18.483887
-87.959668,18.440869
-87.881982,18.273877
-87.853223,18.268994
-87.804102,18.35708
-87.761816,18.446143
-87.733545,18.655029
-87.653027,18.798535
-87.593555,19.046387
-87.501074,19.287793
-87.509473,19.31748
-87.550781,19.320947
-87.62207,19.250488
-87.655762,19.257861
-87.658691,19.352344
-87.627539,19.382715
-87.566992,19.415723
-87.512891,19.425586
-87.482666,19.44375
-87.434717,19.501709
-87.424756,19.58335
-87.469385,19.586475
-87.51167,19.574707
-87.587305,19.572998
-87.645312,19.553906
-87.690088,19.593701
-87.687695,19.637109
-87.585791,19.779492
-87.506885,19.82749
-87.466211,19.82417
-87.441748,19.861523
-87.431934,19.898486
-87.46582,19.998535
-87.467187,20.102148
-87.421387,20.231396
-87.22124,20.507275
-87.05957,20.63125
-86.926221,20.786475
-86.864697,20.885059
-86.815527,21.005225
-86.771777,21.150537
-86.803857,21.200049
-86.81709,21.234229
-86.824072,21.42168
-86.911719,21.462842
-87.034766,21.592236
-87.128467,21.621484
-87.216455,21.582422
-87.275732,21.571631
-87.368506,21.57373
-87.38667,21.551465
-87.295752,21.524951
-87.249463,21.526611
-87.210596,21.543945
-87.188281,21.546436
-87.164307,21.514209
-87.187598,21.477295
-87.21792,21.458008
-87.250879,21.446973
-87.480469,21.472461
-87.688818,21.53584
-87.77373,21.549512
-88.006836,21.604053
-88.131641,21.615869
-88.171387,21.603516
-88.171729,21.591455
-88.184766,21.578955
-88.251025,21.566895
-88.466699,21.569385
-88.584912,21.538672
-88.74668,21.448145
-88.878711,21.414111
-89.819775,21.274609
-89.887646,21.252637
-90.18291,21.120898
-90.353125,21.009424
-90.435156,20.75752
-90.458447,20.713721
-90.484131,20.556348
-90.47832,20.37998
-90.486377,20.224023
-90.482422,20.025732
-90.491699,19.946777
-90.50708,19.911865
-90.650098,19.795947
-90.693164,19.729883
-90.739258,19.352246
-90.955029,19.15166
-91.058936,19.098193
-91.135937,19.0375
-91.43667,18.889795
-91.457861,18.864648
-91.469189,18.833008
-91.445557,18.832813
-91.343066,18.900586
-91.334229,18.876807
-91.367773,18.806104
-91.356299,18.776562
-91.308301,18.773291
-91.27876,18.720654
-91.275244,18.624463
-91.440479,18.541846
-91.533984,18.456543
-91.599707,18.447168
-91.802979,18.470605
-91.913574,18.528516
-91.942676,18.563428
-91.880469,18.599658
-91.880371,18.637793
-91.973779,18.715869
-92.103223,18.704395
-92.213184,18.684863
-92.441016,18.675293
-92.485303,18.664795
-92.710107,18.61167
-92.728955,18.574512
-92.769092,18.524121
-92.884766,18.468652
-93.127344,18.423437
-93.22793,18.443799
-93.552344,18.430469
-93.764404,18.35791
-93.873145,18.304443
-94.189014,18.195264
-94.392285,18.165967
-94.459766,18.16665
-94.546191,18.174854
-94.681641,18.348486
-94.798145,18.5146
-95.014697,18.570605
-95.181836,18.700732
-95.561426,18.719141
-95.697119,18.774902
-95.719824,18.768359
-95.654932,18.723682
-95.57832,18.69043
-95.626807,18.690576
-95.821094,18.754639
-95.920361,18.81958
-95.928223,18.850098
-95.810352,18.803857
-95.778125,18.805518
-95.913037,18.897168
-95.984668,19.05376
-95.853418,28.640332
-95.732373,28.711719
-95.655859,28.744629
-95.387646,28.898438
-95.273486,28.963867
-95.152148,29.079248
-95.139062,29.167822
-95.018311,29.259473
-94.888281,29.370557
-94.935889,29.460449
-94.992822,29.530957
-95.022852,29.702344
-94.982275,29.712598
-94.929883,29.680176
-94.889893,29.676953
-94.832324,29.752588
-94.741943,29.75
-94.724365,29.655273
-94.778271,29.547852
-94.732617,29.535352
-94.605322,29.567822
-94.52627,29.547949
-94.750146,29.418018
-94.759619,29.384277
-94.574463,29.484521
-94.099658,29.67041
-93.890479,29.689355
-93.886377,29.722656
-93.946289,29.81499
-93.841455,29.979736
-93.793994,29.977246
-93.769043,29.952295
-93.773096,29.914062
-93.808789,29.85083
-93.84834,29.818848
-93.883887,29.81001
-93.865723,29.755615
-93.826465,29.725146
-93.765918,29.752686
-93.694824,29.769922
-93.388477,29.776562
-93.283203,29.789404
-93.175684,29.778955
-92.952393,29.71416
-92.791309,29.634668
-92.671289,29.59707
-92.26084,29.556836
-92.084033,29.592822
-92.058887,29.617188
-92.113965,29.667676
-92.135498,29.699463
-92.080225,29.760742
-92.017334,29.800293
-91.893164,29.836035
-91.824414,29.750684
-91.672461,29.746094
-91.564795,29.605322
-91.514209,29.555371
-91.330957,29.513574
-91.277734,29.562891
-91.248828,29.564209
-91.260254,29.505469
-91.243994,29.457324
-91.155371,29.350684
-91.150781,29.31792
-91.2375,29.330957
-91.282715,29.320752
-91.290137,29.288965
-91.002734,29.193506
-90.751025,29.130859
-90.67749,29.150635
-90.58623,29.271533
-90.50249,29.299756
-90.379199,29.295117
-90.301611,29.255811
-90.246729,29.131006
-90.212793,29.104932
-90.13584,29.136084
-90.101367,29.181787
-90.082715,29.239746
-90.07373,29.296777
-90.052783,29.336816
-90.052344,29.431396
-90.100781,29.46333
-90.14126,29.479736
-90.160791,29.504395
-90.159082,29.537158
-89.877246,29.458008
-89.818262,29.416113
-89.797363,29.380615
-89.792383,29.333203
-89.716992,29.312891
-89.672461,29.316504
-89.620264,29.302393
-89.577148,29.267529
-89.521777,29.249268
-89.443164,29.194141
-89.389209,29.105029
-89.353516,29.070215
-89.376123,28.981348
-89.330566,28.998682
-89.236084,29.081104
-89.195264,29.054004
-89.155518,29.016602
-89.13335,29.046143
-89.109521,29.098682
-89.021387,29.142725
-89.015723,29.202881
-89.065332,29.218164
-89.116846,29.248242
-89.180762,29.335693
-89.245703,29.333203
-89.513672,29.420068
-89.580322,29.486035
-89.674805,29.538672
-89.720898,29.619287
-89.689209,29.646045
-89.682959,29.674854
-89.662109,29.683691
-89.620654,29.674121
-89.559326,29.698047
-89.590869,29.725293
-89.530664,29.772217
-89.45542,29.784375
-89.354443,29.820215
-89.362793,29.839795
-89.357861,29.920996
-89.400928,29.977686
-89.414062,30.010889
-89.400732,30.046045
-89.494434,30.058154
-89.563379,30.0021
-89.589502,29.915039
-89.631689,29.903809
-89.743799,29.929834
-89.815186,30.007275
-89.777246,30.045703
-89.714697,30.07832
-89.665039,30.117041
-89.667529,30.144531
-89.737451,30.171973
-89.773145,30.137207
-89.812256,30.123682
-89.894043,30.125879
-89.994189,30.059277
-90.175342,30.029102
-90.284961,30.065088
-90.413037,30.140332
-90.331982,30.277588
-90.225293,30.379297
-90.125977,30.369092
-90.045215,30.351416
-89.954248,30.26875
-89.588477,30.165967
-89.52085,30.192627
-89.443506,30.223145
-89.320557,30.345312
-89.263574,30.343652
-89.223633,30.332373
-89.054053,30.368262
-88.905225,30.415137
-88.872949,30.416309
-88.819922,30.406494
-88.69209,30.355371
-88.399609,30.370801
-88.349902,30.373486
-88.249219,30.363184
-88.135449,30.366602
-88.116553,30.415332
-88.078369,30.566211
-88.032422,30.68125
-88.011328,30.694189
-87.948877,30.626904
-87.922998,30.561523
-87.924316,30.449658
-87.897607,30.41416
-87.857129,30.407422
-87.813281,30.346875
-87.790283,30.291797
-87.904004,30.259082
-87.98501,30.254395
-88.005957,30.230908
-87.622266,30.264746
-87.513281,30.368115
-87.489502,30.377686
-87.448291,30.394141
-87.44375,30.363818
-87.500732,30.309277
-87.475781,30.294287
-87.281055,30.339258
-87.251074,30.39668
-87.184668,30.453711
-87.170605,30.53877
-87.118799,30.538965
-87.072021,30.500439
-87.033887,30.553906
-86.997559,30.570312
-86.965137,30.501904
-86.985791,30.430859
-87.123779,30.39668
-87.163721,30.374219
-87.201172,30.339258
-86.967627,30.372363
-86.679639,30.402881
-86.606055,30.424707
-86.523389,30.46709
-86.447949,30.495605
-86.37417,30.48208
-86.257373,30.493018
-86.165674,30.464258
-86.137695,30.441553
-86.123828,30.405811
-86.240088,30.429102
-86.454443,30.399121
-86.175146,30.33252
-85.855664,30.214404
-85.790771,30.171973
-85.755811,30.166992
-85.742969,30.20127
-85.74082,30.244385
-85.675879,30.279297
-85.603516,30.286768
-85.640967,30.236914
-85.663428,30.189453
-85.610254,30.148389
-85.623486,30.11709
-85.675781,30.121924
-85.504297,29.975781
-85.353613,29.875732
-85.306836,29.797852
-85.314893,29.758105
-85.336426,29.740137
-85.383447,29.785059
-85.413818,29.84248
-85.413818,29.767578
-85.376367,29.695215
-85.318945,29.680225
-85.186035,29.70791
-85.029297,29.721094
-84.969189,29.745312
-84.888916,29.777637
-84.800537,29.773047
-84.55,29.897852
-84.454053,29.910156
-84.382812,29.907373
-84.358691,29.929395
-84.375342,29.982275
-84.355615,30.029004
-84.309668,30.064746
-84.044238,30.103809
-83.694385,29.925977
-83.290479,29.451904
-82.769336,29.051562
-82.651465,28.8875
-82.644043,28.812012
-82.650586,28.769922
-82.660645,28.48584
-82.748535,28.236816
-82.843506,27.845996
-82.807568,27.776562
-82.775293,27.734375
-82.742871,27.709375
-82.715332,27.733105
-82.660889,27.718408
-82.626025,27.745996
-82.610986,27.777246
-82.596582,27.873242
-82.633789,27.897754
-82.675195,27.96377
-82.635937,27.981201
-82.57959,27.958447
-82.520605,27.877881
-82.498145,27.86792
-82.445703,27.902832
-82.405762,27.862891
-82.400537,27.8354
-82.430518,27.771143
-82.52085,27.678271
-82.63584,27.524561
-82.686719,27.515283
-82.7146,27.499609
-82.655371,27.449219
-82.620459,27.401074
-82.441357,27.059668
-82.354053,26.935742
-82.290039,26.870801
-82.242871,26.848877
-82.180664,26.840088
-82.168604,26.874365
-82.181104,26.936768
-82.095703,26.963428
-82.013281,26.961572
-82.066943,26.891553
-82.077881,26.704346
-82.0396,26.552051
-82.006396,26.539844
-81.970166,26.552051
-81.920557,26.631445
-81.881543,26.664697
-81.828662,26.687061
-81.895508,26.597168
-81.958936,26.489941
-81.931494,26.46748
-81.866553,26.43501
-81.811475,26.146094
-81.715479,25.983154
-81.568262,25.891553
-81.364941,25.831055
-81.345068,25.731836
-81.227148,25.583398
-81.11333,25.367236
-81.056836,25.338135
-80.980371,25.31167
-80.94043,25.264209
-80.965381,25.224316
-81.097656,25.319141
-81.136035,25.309668
-81.158691,25.268994
-81.167383,25.228516
-81.110498,25.138037
-81.011963,25.133252
-80.862207,25.176172
-80.736523,25.156348
-80.557617,25.232422
-80.484668,25.229834
-80.366943,25.33125
-80.327734,25.4271
-80.30083,25.618555
-80.219092,25.741748
-80.158936,25.87832
-80.14292,25.874023
-80.136279,25.842627
-80.126367,25.833496
-80.110596,26.131592
-80.041309,26.568604
-80.050049,26.807715
-80.088672,26.993945
-80.125781,27.083008
-80.226123,27.207031
-80.650098,28.180908
-80.686377,28.272168
-80.748633,28.381006
-80.787207,28.560645
-80.818408,28.635596
-80.838184,28.757666
-80.808691,28.758936
-80.770996,28.732471
-80.779883,28.682959
-80.765918,28.632812
-80.700244,28.600928
-80.688477,28.578516
-80.729053,28.516211
-80.731738,28.462891
-80.693506,28.344971
-80.665479,28.374902
-80.653906,28.452197
-80.632861,28.518018
-80.606934,28.5229
-80.622852,28.320361
-80.61001,28.177588
-80.499561,27.934473
-80.456885,27.900684
-80.533154,28.070068
-80.572852,28.180859
-80.584961,28.271582
-80.581152,28.364697
-80.567822,28.426465
-80.524121,28.486084
-80.564307,28.556396
-80.9,29.049854
-81.104541,29.456982
-81.249512,29.793799
-81.337109,30.141211
-81.385742,30.269971
-81.457178,30.640771
-81.503955,30.731445
-81.516211,30.801807
-81.52041,30.874658
-81.500586,30.91377
-81.471387,31.009033
-81.453223,31.088281
-81.460352,31.127051
-81.441748,31.199707
-81.412598,31.179443
-81.364893,31.171875
-81.288477,31.263916
-81.32915,31.31377
-81.377734,31.332324
-81.380957,31.353271
-81.294971,31.371191
-81.25791,31.436035
-81.218896,31.472119
-81.175439,31.531299
-81.195703,31.538916
-81.223389,31.528467
-81.259375,31.538916
-81.242383,31.574316
-81.169922,31.610303
-81.165527,31.646143
-81.186572,31.666943
-81.1979,31.704199
-81.162109,31.743701
-81.098389,31.753369
-81.066113,31.787988
-81.065039,31.813477
-81.095508,31.840918
-81.113281,31.878613
-81.082861,31.894092
-81.045557,31.892041
-80.923437,31.944922
-80.872363,32.02959
-80.88208,32.068604
-80.849219,32.113916
-80.79082,32.12583
-80.758008,32.142187
-80.694238,32.215723
-80.702051,32.245898
-80.733838,32.265332
-80.765332,32.29834
-80.7979,32.363379
-80.802539,32.448047
-80.709326,32.337061
-80.683057,32.348633
-80.677783,32.381104
-80.647217,32.395947
-80.62583,32.32627
-80.608203,32.292822
-80.579346,32.287305
-80.513623,32.324414
-80.485742,32.351807
-80.474268,32.422754
-80.530029,32.475391
-80.63418,32.511719
-80.572217,32.533691
-80.460986,32.521338
-80.362842,32.500732
-80.268359,32.537354
-80.229687,32.576514
-80.180322,32.592871
-80.122559,32.589111
-80.021777,32.619922
-79.940723,32.667139
-79.893652,32.728711
-79.933105,32.810059
-79.80498,32.787402
-79.73501,32.824805
-79.614941,32.909277
-79.587109,33.000879
-79.498682,33.027295
-79.419922,33.042529
-79.276025,33.1354
-79.229248,33.185156
-79.281348,33.31543
-79.226465,33.404883
-79.227344,33.363184
-79.238379,33.312158
-79.193799,33.244141
-79.138184,33.405908
-78.920312,33.658691
-78.841455,33.724072
-78.577686,33.873242
-78.564258,33.87666
-78.405859,33.917578
-78.01333,33.911816
-77.970557,33.993408
-77.953271,34.168994
-77.926025,34.073145
-77.932861,33.989453
-77.927832,33.939746
-77.888037,34.050146
-77.86084,34.14917
-77.750732,34.284961
-77.696973,34.331982
-77.649658,34.35752
-77.517676,34.451367
-77.379785,34.526611
-77.402051,34.554785
-77.412939,34.592139
-77.412256,34.730811
-77.384473,34.694385
-77.358398,34.620264
-77.29624,34.60293
-77.251758,34.615625
-77.133887,34.70791
-77.049512,34.697363
-76.895898,34.701465
-76.79668,34.70415
-76.733203,34.706982
-76.70708,34.752148
-76.618018,34.769922
-76.516895,34.777246
-76.439795,34.84292
-76.362207,34.936523
-76.456738,34.989355
-76.744971,34.940967
-76.898633,34.970264
-76.974951,35.025195
-77.070264,35.154639
-76.861035,35.00498
-76.77915,34.990332
-76.628027,35.07334
-76.613379,35.10415
-76.60752,35.152979
-76.565967,35.215186
-76.512939,35.27041
-76.552783,35.305615
-76.595459,35.329687
-76.974463,35.458398
-77.03999,35.527393
-76.887256,35.463086
-76.741406,35.431494
-76.634131,35.453223
-76.611035,35.529687
-76.577197,35.532324
-76.532471,35.508447
-76.515625,35.436475
-76.489502,35.397021
-76.446631,35.407764
-76.390234,35.40127
-76.275244,35.369043
-76.173828,35.35415
-76.103516,35.380273
-75.965967,35.508398
-75.773926,35.646973
-75.744727,35.765479
-75.758838,35.843262
-75.772217,35.899902
-75.812012,35.955762
-75.853906,35.960156
-75.978906,35.895947
-76.001172,35.722168
-76.045703,35.691162
-76.083594,35.690527
-76.075684,35.787549
-76.060059,35.878662
-76.069775,35.970312
-76.206543,35.991211
-76.263574,35.96709
-76.358301,35.952881
-76.503516,35.956055
-76.611133,35.943652
-76.726221,35.957617
-76.71875,36.033496
-76.740039,36.133301
-76.733643,36.22915
-76.717627,36.148096
-76.678906,36.075293
-76.559375,36.015332
-76.478809,36.028174
-76.424316,36.067969
-76.383691,36.133545
-76.321191,36.138184
-76.227393,36.116016
-76.270605,36.189893
-76.221777,36.166895
-76.15,36.145752
-76.141064,36.215088
-76.147852,36.279297
-76.054736,36.234521
-75.950195,36.208984
-75.883008,36.175684
-75.820068,36.112842
-75.866602,36.267871
-75.924854,36.383008
-75.978467,36.42915
-75.992773,36.473779
-75.966455,36.551367
-75.959766,36.571045
-75.973437,36.599951
-75.965332,36.637598
-75.946484,36.659082
-75.917871,36.632666
-75.893555,36.566504
-75.889062,36.550488
-75.809766,36.271045
-75.728223,36.103711
-75.580469,35.871973
-75.53418,35.819092
-75.558691,35.879346
-75.757861,36.229248
-75.857422,36.550586
-75.89043,36.657031
-75.941553,36.765527
-75.966357,36.861963
-75.999414,36.912646
-76.143994,36.930615
-76.244238,36.952637
-76.399561,36.889844
-76.487842,36.897021
-76.504639,36.961035
-76.633936,37.047412
-76.671875,37.172949
-76.76543,37.184131
-76.925195,37.225
-77.001953,37.271045
-77.196191,37.295703
-77.227051,37.309082
-77.250879,37.329199
-77.006982,37.317676
-76.703516,37.217676
-76.630908,37.221729
-76.602295,37.142871
-76.506836,37.072314
-76.462012,37.030762
-76.400879,36.991309
-76.338281,37.013135
-76.283301,37.052686
-76.300781,37.110889
-76.326953,37.149268
-76.401123,37.212695
-76.497363,37.246875
-76.610889,37.322559
-76.738086,37.448779
-76.755859,37.479199
-76.757715,37.50542
-76.538379,37.309375
-76.453906,37.273535
-76.393164,37.299951
-76.405469,37.331934
-76.400977,37.386133
-76.263477,37.357031
-76.254395,37.430615
-76.268555,37.495166
-76.367627,37.530273
-76.305566,37.571484
-76.484082,37.628857
-76.549463,37.669141
-76.619824,37.755078
-76.71543,37.810156
-76.84917,37.940234
-76.828613,37.961523
-76.792773,37.937988
-76.49248,37.682227
-76.436621,37.67041
-76.344141,37.675684
-76.305615,37.721582
-76.293213,37.794336
-76.261816,37.848096
-76.264258,37.893555
-76.354932,37.963232
-75.85083,37.971582
-75.735156,37.97373
-75.659277,37.953955
-75.719336,37.821387
-75.792383,37.756348
-75.888135,37.619141
-75.975049,37.398438
-75.997363,37.263818
-75.984521,37.212207
-75.934375,37.151904
-75.854004,37.296631
-75.812061,37.425195
-75.766895,37.472998
-75.698828,37.516357
-75.631543,37.535352
-75.587109,37.558691
-75.596387,37.631201
NaN,NaN
-72.851465,20.093652
-72.906738,20.08584
-72.960352,20.062256
-72.899316,20.031445
-72.878418,20.027441
-72.844238,20.035449
-72.739795,20.003418
-72.638867,19.98584
-72.623486,20.01416
-72.664062,20.0375
-72.791016,20.091895
-72.851465,20.093652
NaN,NaN
-81.783838,24.54458
-81.739746,24.554492
-81.738672,24.575439
-81.767676,24.576709
-81.811426,24.557812
-81.809229,24.542334
-81.783838,24.54458
NaN,NaN
-86.726904,21.264307
-86.739062,21.27998
-86.752881,21.278809
-86.736377,21.233301
-86.713623,21.196777
-86.696289,21.191016
-86.714014,21.239307
-86.726904,21.264307
NaN,NaN
